symbol,passed,close,rule_1_weekly_close_gt_weekly_sma20,rule_2_pullback_ge_3pct,rule_3_pullback_le_15pct,rule_4_new_10d_closing_high,rule_5_breakout_ge_5pct,rule_6_breakout_le_20pct,rule_7_strong_close_small_wick,rule_8_macd_line_gt_signal,rule_9_recent_macd_cross,rule_10_volume_surge_1.3x,rule_16_atr_pct_le_8,pullback_pct,atr_pct_of_close,stop_loss_10pct,sma10_exit_level,sma10_already_broken,rule_11_roe_ge_10pct,rule_12_roce_ge_10pct,rule_13_net_sales_gt_0,rule_14_net_profit_gt_0,rule_15_operating_margin_ge_10pct,roe_pct,roce_pct,operating_margin_pct
ABBV,False,252.74,True,True,True,False,False,True,False,True,True,False,True,4.2,2.61,227.47,251.16,False,False,True,True,True,True,-63.5,16.0,26.6
ABNB,False,142.95,True,True,True,False,False,True,True,True,False,False,True,5.9,3.21,128.65,145.77,True,True,True,True,True,False,32.9,24.3,3.2
ABT,False,95.18,False,True,True,False,False,True,False,True,False,False,True,3.9,2.63,85.66,93.55,False,True,False,True,True,True,12.5,8.7,12.0
ACN,False,137.19,False,True,True,False,False,True,False,True,True,False,True,4.7,5.35,123.47,131.79,False,True,True,True,True,True,24.1,21.7,17.0
ADBE,False,220.94,False,True,True,False,False,True,False,True,True,False,True,6.0,4.13,198.85,209.54,False,True,True,True,True,True,61.9,48.8,33.8
ADI,False,385.4,True,True,True,False,False,True,True,False,True,False,True,13.3,4.76,346.86,392.64,True,False,False,True,True,True,6.7,6.7,87.7
ADSK,False,206.04,False,True,True,False,False,True,True,True,True,False,True,4.6,4.07,185.44,200.15,False,True,True,True,True,True,35.2,23.6,28.0
AEE,False,113.19,True,True,True,False,False,True,True,True,False,False,True,4.5,2.01,101.87,114.16,True,False,False,True,True,True,3.9,4.4,24.4
AEP,False,135.9,True,True,True,False,False,True,True,True,False,False,True,3.6,2.05,122.31,136.84,True,False,False,True,True,True,4.7,5.1,22.6
AKAM,False,126.57,False,True,True,True,True,True,True,True,True,True,True,7.7,5.35,113.91,115.73,False,False,False,True,True,True,9.2,5.3,17.1
ALB,False,129.38,False,True,False,False,False,True,True,False,True,False,True,18.5,5.92,116.44,135.12,True,False,False,True,True,True,-5.2,-2.7,16.3
ALGN,False,174.68,True,True,True,False,False,True,True,True,True,False,True,8.9,4.55,157.21,178.14,True,False,True,True,True,True,9.9,12.4,112.8
ALLE,False,134.99,False,True,True,False,False,True,True,True,False,False,True,5.5,2.78,121.49,138.58,True,True,True,True,True,True,48.8,18.8,18.9
ALNY,False,323.5,True,False,True,True,False,True,True,True,True,False,True,1.6,3.14,291.15,304.57,False,True,True,True,True,True,39.8,14.3,139.2
AMAT,False,570.5,True,True,False,False,False,True,True,False,True,False,False,26.2,8.1,513.45,627.32,True,True,True,True,True,True,29.3,26.5,48.9
AMD,False,517.41,True,True,True,False,False,True,True,False,True,False,True,14.8,7.17,465.66,533.86,True,False,False,True,True,True,6.7,5.3,93.2
AME,False,231.34,True,True,True,False,False,True,True,False,True,False,True,7.4,2.46,208.21,236.54,True,True,True,True,True,True,13.6,14.1,26.7
AMGN,False,367.99,True,True,True,False,False,True,False,True,False,False,True,3.3,2.43,331.19,362.33,False,True,True,True,True,True,83.9,13.4,40.9
AMT,False,165.04,False,True,True,False,False,True,False,False,True,False,True,9.2,3.18,148.54,167.55,True,True,False,True,True,True,48.0,9.1,45.3
AMZN,False,243.62,True,True,True,False,False,True,False,True,True,False,True,3.7,3.16,219.26,239.06,False,True,True,True,True,True,17.6,11.4,13.1
ANET,True,181.05,True,True,True,True,True,True,True,True,True,True,True,6.3,5.6,162.95,166.62,False,True,True,True,True,True,26.0,25.5,42.7
AON,False,357.51,True,False,True,False,False,True,True,True,True,False,True,2.6,2.61,321.76,340.46,False,True,True,True,True,True,37.6,16.2,53.3
AOS,False,59.47,False,True,True,False,False,True,True,True,False,False,True,6.6,2.81,53.52,61.55,True,True,True,True,True,True,29.1,26.3,17.1
APD,False,296.75,True,True,True,False,False,True,True,True,True,False,True,5.8,3.08,267.07,293.22,False,False,False,True,True,True,-2.5,-2.3,23.7
APH,False,158.22,True,True,True,False,False,True,True,False,True,False,True,14.2,4.59,142.4,165.48,True,True,True,True,True,True,30.6,17.7,92.4
APP,False,522.18,True,True,True,False,False,True,False,True,True,False,True,12.0,6.49,469.96,508.76,False,True,True,True,True,True,141.1,66.8,238.4
APTV,False,58.57,False,True,True,False,False,True,True,False,True,False,True,10.3,4.48,52.71,59.96,True,False,False,True,True,False,1.8,5.9,7.4
ATO,False,177.09,False,False,True,False,False,True,False,True,False,False,True,2.0,1.71,159.38,174.69,False,False,False,True,True,True,8.0,5.4,39.0
AVGO,False,388.69,False,True,True,True,False,True,False,True,True,False,True,3.6,4.69,349.82,373.94,False,True,True,True,True,True,23.6,15.9,213.1
AWK,False,131.88,True,True,True,False,False,True,True,True,False,False,True,4.8,2.58,118.69,132.48,True,True,False,True,True,True,10.1,6.0,50.0
AXON,False,599.8,True,True,True,False,False,True,True,True,True,False,True,10.5,5.8,539.82,549.11,False,False,False,True,True,False,3.5,-1.1,3.6
AZO,False,3070.17,False,True,True,False,False,True,False,True,False,False,True,5.9,3.3,2763.15,3110.52,True,False,True,True,True,True,-89.7,33.2,19.1
BA,False,224.95,True,True,True,False,False,True,False,True,True,False,True,6.2,3.11,202.45,222.3,False,True,False,True,False,False,37.3,7.2,2.0
BALL,False,60.29,True,True,True,False,False,True,True,True,False,False,True,6.3,2.66,54.26,61.96,True,False,False,True,True,False,7.9,9.0,6.3
BAX,False,21.98,True,True,True,False,False,True,True,True,True,False,True,7.1,3.48,19.78,21.97,False,False,False,True,False,False,-15.8,-1.9,2.4
BBY,False,78.07,True,True,True,False,False,True,False,False,True,False,True,4.6,3.13,70.26,77.58,False,True,True,True,True,False,34.7,19.6,4.2
BDX,False,150.56,True,True,True,False,False,True,True,True,True,False,True,5.7,2.83,135.5,153.5,True,False,False,True,False,False,7.0,6.1,2.0
BEN,False,33.5,True,True,True,False,False,True,True,False,True,False,True,5.6,2.83,30.15,33.52,True,False,False,True,True,True,4.3,1.8,27.2
BF-B,False,25.78,False,True,True,False,False,True,True,False,True,False,True,8.5,3.45,23.2,26.72,True,True,True,True,True,True,17.8,15.0,32.2
BIIB,False,200.36,True,True,True,False,False,True,True,False,True,True,True,9.5,3.41,180.32,209.07,True,False,True,True,True,True,8.7,10.7,24.6
BKNG,False,174.29,True,True,True,False,False,True,True,True,False,False,True,8.3,3.84,156.86,180.49,True,False,True,True,True,True,-3.3,111.6,23.0
BKR,False,57.58,False,True,True,True,True,True,True,False,True,True,True,7.1,3.38,51.82,55.36,False,True,False,True,True,True,13.4,8.2,14.1
BLDR,False,74.2,True,True,False,False,False,True,True,False,True,False,True,19.8,5.9,66.78,84.77,True,True,False,True,False,False,10.9,8.2,0.5
BR,False,147.07,False,True,True,False,False,True,False,True,True,False,True,3.1,3.16,132.36,141.2,False,True,True,True,True,True,29.8,17.3,33.5
CAH,False,237.15,True,False,True,False,False,True,False,False,True,False,True,2.6,2.31,213.43,237.05,False,False,True,True,True,False,-54.1,15.4,1.1
CARR,False,66.74,True,True,True,False,False,True,False,False,True,False,True,14.3,3.64,60.07,71.81,True,True,False,True,True,False,55.0,7.6,4.8
CAT,False,948.08,True,True,True,False,False,True,False,False,True,False,True,13.8,4.49,853.27,996.01,True,True,True,True,True,True,14.5,18.7,17.7
CBOE,False,264.98,False,True,True,True,False,True,False,True,True,False,True,3.3,4.93,238.48,247.64,False,True,True,True,True,True,20.5,22.3,82.7
CBRE,False,139.94,True,True,True,False,False,True,True,True,False,False,True,4.6,2.8,125.95,138.08,False,True,False,True,True,False,13.6,9.5,4.9
CCI,False,76.9,False,True,True,False,False,True,False,False,True,False,True,9.8,3.68,69.21,78.08,True,False,False,True,True,True,6.3,7.8,46.0
CCL,False,25.64,True,True,False,False,False,True,True,False,True,False,True,15.8,5.03,23.08,28.05,True,True,True,True,True,True,21.3,11.6,14.6
CDNS,False,374.06,True,True,True,False,False,True,True,False,True,False,True,5.4,3.76,336.65,373.77,False,True,True,True,True,True,16.9,15.0,29.3
CDW,False,137.72,True,True,True,False,False,True,False,True,True,False,True,5.4,3.97,123.95,135.49,False,True,True,True,True,True,41.7,18.9,14.2
CEG,False,244.52,False,True,True,False,False,True,True,False,True,False,True,14.2,4.26,220.07,251.42,True,False,False,True,True,True,6.9,3.7,21.0
CF,False,117.02,False,False,True,True,False,True,False,True,True,False,True,1.6,3.58,105.32,109.18,False,True,True,True,True,True,28.8,16.8,43.5
CHD,False,96.17,True,True,True,False,False,True,True,False,True,False,True,4.5,2.48,86.55,97.96,True,True,True,True,True,True,17.6,14.2,19.8
CHRW,False,189.95,True,True,True,False,False,True,True,True,True,False,True,3.5,3.04,170.95,186.06,False,True,True,True,True,True,34.5,23.8,25.3
CHTR,False,133.54,False,True,False,False,False,True,False,True,False,False,True,21.1,6.08,120.19,136.71,True,True,False,True,True,True,30.4,9.1,23.6
CI,False,289.73,True,False,True,True,False,True,False,True,True,False,True,2.0,2.53,260.76,282.17,False,True,False,True,True,False,14.1,9.1,3.4
CIEN,False,440.97,False,True,False,False,True,True,True,False,True,False,True,15.9,7.88,396.87,457.58,True,False,False,True,True,True,4.3,4.2,15.1
CL,False,93.04,True,True,True,False,False,True,True,True,False,False,True,3.5,2.32,83.74,92.84,False,True,True,True,True,True,1470.3,31.0,24.1
CMCSA,False,23.19,False,True,True,False,False,True,False,True,True,False,True,14.5,3.72,20.87,23.48,True,True,False,True,True,True,22.7,9.1,13.7
CME,False,243.07,False,True,True,True,False,True,False,True,True,False,True,3.9,3.27,218.76,230.33,False,True,True,True,True,True,15.3,11.8,69.7
CMG,False,33.43,True,True,True,False,False,True,True,True,False,False,True,7.0,3.49,30.09,33.64,True,True,True,True,True,True,63.8,25.6,12.9
CMI,False,669.21,True,True,True,False,False,True,True,False,True,False,True,10.5,4.04,602.29,686.42,True,False,True,True,True,True,8.4,16.6,11.4
CMS,False,76.19,True,True,True,False,False,True,True,True,False,True,True,3.7,2.04,68.57,77.0,True,True,False,True,True,True,11.3,4.7,17.9
CNC,False,67.09,True,True,True,False,False,True,False,False,True,False,True,4.7,3.53,60.38,65.77,False,False,False,True,True,False,-31.1,-18.5,3.7
CNP,False,44.05,True,False,True,False,False,True,True,True,False,False,True,2.9,1.95,39.64,44.28,True,False,False,True,True,True,9.2,5.0,22.1
COHR,False,317.05,True,True,False,False,False,True,False,False,True,False,False,27.3,10.86,285.34,363.49,True,False,False,True,True,False,0.5,0.6,7.6
COIN,False,159.36,False,True,True,False,False,True,False,True,True,False,True,9.8,6.85,143.42,155.6,False,False,False,True,False,False,9.3,7.3,-1.5
COO,False,69.61,True,True,True,False,False,True,True,True,False,True,True,7.0,2.94,62.65,71.38,True,False,False,True,False,False,4.6,6.4,-4.7
COR,False,309.57,False,False,True,True,False,True,True,True,False,False,True,2.2,2.48,278.61,291.97,False,True,True,True,True,False,45.7,10.3,1.5
COST,False,953.13,False,False,True,False,False,True,False,True,True,False,True,2.3,2.13,857.82,946.52,False,True,True,True,True,False,24.2,23.4,4.0
CPAY,False,345.85,True,True,True,False,False,True,True,True,True,False,True,6.1,3.39,311.27,342.41,False,True,True,True,True,True,30.5,17.1,50.4
CPB,False,21.99,True,True,True,False,False,True,True,True,True,False,True,7.5,3.89,19.79,22.69,True,True,False,True,True,True,14.9,9.2,10.1
CPRT,False,28.59,False,True,True,False,False,True,True,True,True,False,True,7.8,3.64,25.73,29.32,True,True,True,True,True,True,25.9,18.9,97.1
CRH,False,102.95,False,True,True,False,False,True,False,False,True,False,True,12.7,3.75,92.65,108.27,True,True,True,True,False,False,16.3,11.3,-0.5
CRL,False,223.96,True,True,True,False,False,True,False,True,True,False,True,7.7,3.79,201.56,222.68,False,False,False,True,False,True,-4.9,0.4,24.3
CRM,False,166.58,False,True,True,False,False,True,True,True,True,False,True,4.4,4.07,149.92,160.7,False,True,True,True,True,True,21.8,10.5,169.6
CRWD,False,191.12,True,True,True,False,False,True,False,True,True,False,True,11.6,4.85,172.01,186.2,False,False,False,True,True,False,-3.5,-4.1,-2.2
CSCO,False,113.82,True,True,True,False,False,True,True,False,True,False,True,9.4,3.25,102.44,115.69,True,True,True,True,True,True,20.8,13.7,32.1
CSGP,False,29.34,False,True,True,False,False,True,False,True,True,False,True,6.1,4.97,26.41,29.36,True,False,False,True,True,False,0.1,-0.8,1.1
CSX,False,48.69,True,False,True,False,False,True,False,True,True,False,True,2.5,1.94,43.82,47.99,False,True,True,True,True,True,34.2,11.0,40.4
CTAS,False,180.17,True,False,True,False,False,True,False,True,True,False,True,1.8,2.54,162.15,174.69,False,True,True,True,True,True,37.8,28.0,36.4
CTSH,False,42.43,False,True,True,False,False,True,True,True,True,False,True,3.9,5.17,38.19,40.89,False,True,True,True,True,True,14.8,20.0,15.6
CVNA,False,66.36,True,True,True,False,False,True,False,True,True,False,True,10.6,6.21,59.72,66.67,True,True,True,True,True,False,37.8,15.7,9.0
CVS,False,104.47,True,False,True,False,False,True,False,False,True,False,True,2.2,2.3,94.02,103.83,False,False,False,True,True,False,2.3,2.8,4.7
D,False,69.86,True,False,True,True,False,True,False,False,True,False,True,1.7,1.77,62.87,69.21,False,True,False,True,True,True,10.3,4.1,27.7
DAL,False,87.29,True,True,True,False,False,True,True,False,True,False,True,10.9,3.45,78.56,91.56,True,True,True,True,False,False,24.6,11.3,5.0
DASH,False,189.35,True,True,True,False,False,True,True,True,False,False,True,8.3,4.6,170.42,186.17,False,False,False,True,True,False,9.2,5.3,3.7
DDOG,False,261.09,True,True,True,False,False,True,True,True,True,False,True,7.9,4.81,234.98,249.04,False,False,False,True,True,False,2.7,-0.8,0.7
DECK,False,102.22,False,True,True,False,False,True,False,False,True,False,True,6.5,3.91,92.0,103.24,True,True,True,True,True,True,41.0,43.8,31.4
DELL,False,431.97,True,True,True,False,False,True,False,False,True,False,True,5.9,7.16,388.77,416.97,False,False,True,True,True,False,-422.8,20.2,8.3
DG,False,114.8,False,True,True,False,False,True,False,False,True,False,True,6.4,3.46,103.32,116.87,True,True,False,True,True,False,17.1,9.0,5.9
DGX,False,208.21,True,True,True,False,False,True,True,True,True,False,True,5.5,2.25,187.39,210.96,True,True,True,True,True,True,13.5,10.7,13.8
DIS,False,96.7,False,True,True,False,False,True,False,False,True,False,True,7.5,2.39,87.03,97.96,True,True,True,True,True,True,11.4,10.4,18.3
DLTR,False,123.61,True,True,True,False,False,True,True,True,True,False,True,3.5,3.78,111.25,121.79,False,True,True,True,True,False,36.6,15.5,9.5
DOV,False,211.47,False,True,True,False,False,True,True,False,True,False,True,10.6,2.64,190.32,220.04,True,True,True,True,True,True,14.6,12.5,17.7
DPZ,False,302.35,False,True,True,False,False,True,True,True,True,False,True,6.1,3.42,272.12,299.86,False,False,True,True,True,True,-15.4,76.2,20.0
DRI,False,201.1,True,True,True,False,False,True,True,False,True,False,True,8.0,2.96,180.99,206.67,True,True,True,True,True,True,49.9,13.3,12.1
DTE,False,151.39,True,False,True,False,False,True,True,True,False,False,True,2.9,1.82,136.25,152.59,True,True,False,True,True,True,11.9,4.7,11.0
DUK,False,126.79,True,False,True,False,False,True,True,True,False,False,True,2.9,1.9,114.11,127.33,True,False,False,True,True,True,9.1,4.9,49.1
DVA,False,230.72,True,True,True,False,False,True,True,True,False,False,True,4.2,2.7,207.65,224.93,False,False,True,True,True,True,-98.8,14.0,14.1
DVN,False,43.31,False,True,True,True,False,True,False,True,True,False,True,3.2,3.3,38.98,41.77,False,True,False,True,True,False,17.1,-10.4,8.6
DXCM,False,74.06,True,False,True,True,False,True,True,True,True,False,True,2.2,3.45,66.65,70.6,False,True,True,True,True,True,28.3,20.7,95.7
EA,False,204.89,True,False,True,False,False,True,True,True,True,False,True,0.6,0.45,184.4,205.08,True,True,True,True,True,False,13.1,12.4,7.6
EBAY,False,115.25,True,True,True,True,False,True,True,True,True,False,True,3.2,2.67,103.73,111.76,False,True,True,True,True,True,46.0,17.8,20.6
ECL,False,274.12,True,True,True,False,False,True,True,True,False,False,True,5.6,2.52,246.71,280.1,True,True,True,True,True,True,20.7,14.5,15.3
ED,False,112.09,True,False,True,False,False,True,True,True,False,False,True,3.0,1.94,100.88,111.84,False,False,False,True,True,True,7.9,4.2,23.1
EFX,False,167.09,False,True,True,False,False,True,True,True,True,False,True,6.9,4.03,150.38,163.32,False,True,True,True,True,True,14.5,11.5,17.4
EIX,False,74.78,True,False,True,False,False,True,True,True,False,False,True,2.3,2.11,67.3,74.91,True,True,False,True,True,True,25.7,8.4,26.2
EL,False,81.8,False,True,True,False,False,True,False,False,True,True,True,7.4,3.98,73.62,82.1,True,True,False,True,True,False,17.1,-5.7,6.7
ELV,False,416.08,True,True,True,False,False,True,False,True,True,False,True,3.0,2.79,374.47,401.84,False,True,False,True,True,False,12.9,8.9,4.2
EME,False,768.98,False,True,True,False,False,True,False,False,True,False,True,14.4,4.35,692.08,805.59,True,True,True,True,True,False,32.9,36.6,8.7
EOG,False,137.59,False,False,True,True,False,True,False,True,True,True,True,0.2,2.68,123.83,132.32,False,True,True,True,True,True,16.1,13.3,37.5
EQIX,False,1015.97,False,True,True,False,False,True,False,False,True,False,True,10.2,2.76,914.37,1045.49,True,False,False,True,True,True,9.4,5.1,41.3
EQT,False,51.16,False,True,True,False,False,True,True,True,True,False,True,5.5,2.43,46.04,52.07,True,False,False,True,True,True,8.1,8.3,60.3
ERIE,False,251.36,True,True,True,False,False,True,True,True,True,False,True,5.0,3.16,226.22,244.88,False,True,True,True,True,True,23.8,29.0,29.2
ES,False,73.8,True,False,True,False,False,True,True,True,False,False,True,2.6,2.06,66.42,73.17,False,False,False,True,True,True,-2.6,5.3,23.9
ETR,False,114.34,True,False,True,False,False,True,True,True,False,False,True,2.5,1.94,102.91,114.85,True,True,False,True,True,True,13.6,4.7,18.0
EVRG,False,85.91,True,True,True,False,False,True,True,True,False,False,True,3.3,1.82,77.32,86.68,True,False,False,True,True,True,8.4,5.1,22.1
EW,False,93.64,True,True,True,False,False,True,True,True,True,False,True,3.5,2.58,84.28,92.18,False,True,True,True,True,True,10.4,10.6,29.0
EXC,False,47.28,True,False,True,False,False,True,True,True,False,False,True,2.7,2.02,42.55,47.09,False,False,False,True,True,True,4.0,4.8,22.2
EXE,False,90.1,False,True,True,False,False,True,False,True,True,True,True,4.8,2.42,81.09,89.31,False,False,False,True,True,True,9.3,9.7,34.8
EXPD,False,164.36,True,False,True,False,False,True,True,False,True,False,True,2.9,2.05,147.92,163.77,False,True,True,True,True,True,35.5,38.4,16.4
EXPE,False,260.31,True,True,True,False,False,True,True,True,False,False,True,7.7,4.0,234.28,262.72,True,True,True,True,False,False,224.7,26.4,7.3
F,False,13.5,True,True,True,False,False,True,False,False,True,False,True,8.6,3.9,12.15,13.79,True,True,False,True,False,False,15.7,-5.2,5.9
FANG,False,186.6,False,True,True,True,False,True,True,True,True,False,True,4.0,3.11,167.94,178.71,False,False,False,True,True,False,4.6,1.9,2.7
FAST,False,46.51,True,True,True,False,False,True,True,False,True,False,True,5.1,2.36,41.86,47.4,True,True,True,True,True,True,31.5,37.8,20.3
FDS,False,247.82,True,True,True,False,False,True,True,True,True,False,True,5.5,5.1,223.04,237.47,False,True,True,True,True,True,29.4,23.9,48.9
FDX,False,309.76,True,True,True,False,False,True,True,False,True,False,True,7.0,3.12,278.78,316.28,True,True,False,True,True,False,13.7,6.7,7.8
FE,False,48.1,True,False,True,False,False,True,True,True,False,False,True,2.2,1.85,43.29,47.97,False,False,False,True,True,True,8.1,4.3,19.7
FFIV,False,419.14,True,True,True,False,False,True,True,True,True,False,True,4.3,3.22,377.23,407.94,False,True,True,True,True,True,19.0,15.9,22.1
FIS,False,40.84,False,True,True,False,False,True,True,True,True,False,True,6.5,3.51,36.76,40.0,False,False,False,True,True,True,2.4,5.0,12.8
FISV,False,50.6,False,True,True,False,False,True,False,True,True,False,True,8.8,4.4,45.54,50.12,False,True,True,True,True,True,13.3,10.2,17.4
FIX,False,1684.94,True,True,False,False,False,True,True,False,True,False,True,20.2,6.6,1516.45,1852.48,True,True,True,True,True,True,36.3,39.7,17.0
FSLR,False,224.3,True,True,False,False,False,True,False,False,True,False,True,17.1,6.24,201.87,234.66,True,True,True,True,True,True,15.5,14.3,33.1
FTNT,False,156.71,True,True,True,False,False,True,False,False,True,False,True,5.6,3.85,141.04,154.86,False,True,True,True,True,True,187.3,39.6,31.4
FTV,False,61.27,True,True,True,False,False,True,True,True,True,False,True,5.4,2.4,55.14,61.72,True,False,False,True,True,True,9.5,7.7,10.4
GD,False,374.31,True,False,True,False,False,True,True,True,True,False,True,2.5,2.1,336.88,360.03,False,True,True,True,True,True,16.1,13.3,15.5
GDDY,False,86.89,True,True,True,False,False,True,True,True,True,False,True,5.3,4.59,78.2,85.26,False,True,True,True,True,True,368.7,22.1,49.0
GE,False,356.03,True,True,True,False,False,True,False,False,True,False,True,7.5,2.86,320.43,370.78,True,True,True,True,True,True,48.2,25.9,47.4
GEHC,False,64.68,False,True,True,False,False,True,True,True,True,False,True,4.1,2.86,58.21,64.95,True,True,False,True,True,True,19.5,9.7,10.0
GEN,False,25.81,True,True,True,False,False,True,True,True,True,False,True,5.4,3.6,23.23,25.32,False,True,True,True,True,True,37.3,16.5,1603.7
GEV,False,1070.99,True,True,True,False,False,True,False,True,False,False,True,12.1,5.65,963.89,1101.32,True,True,False,True,True,False,35.1,5.0,1.9
GILD,False,135.82,False,False,True,False,False,True,False,True,True,False,True,1.5,2.81,122.24,128.86,False,True,True,True,True,True,36.2,21.4,39.3
GLW,False,184.03,True,True,False,False,False,True,False,False,True,False,False,33.6,10.3,165.63,214.76,True,True,False,True,True,True,13.5,9.0,15.4
GM,False,76.24,False,True,True,False,False,True,True,False,True,False,True,7.4,3.13,68.62,77.16,True,False,False,True,True,False,4.3,1.6,6.7
GNRC,False,236.61,True,True,False,False,False,True,False,False,True,False,True,22.3,6.92,212.95,268.76,True,False,False,True,True,True,6.0,6.6,11.1
GOOG,False,358.71,True,True,True,False,False,True,False,True,True,False,True,4.4,3.04,322.84,352.78,False,True,True,True,True,True,27.6,21.8,36.1
GOOGL,False,361.92,True,True,True,False,False,True,False,True,True,False,True,4.1,3.06,325.73,355.39,False,True,True,True,True,True,27.6,21.8,36.1
GPC,False,124.73,True,True,True,False,False,True,True,True,False,False,True,8.4,3.51,112.26,120.69,False,False,True,True,True,False,1.5,13.0,4.5
GPN,False,73.01,True,True,True,False,False,True,True,True,True,False,True,9.1,4.07,65.71,73.04,True,False,False,True,False,False,5.9,3.5,-2.0
GRMN,False,243.53,False,True,True,False,False,True,False,True,True,False,True,4.6,2.69,219.18,239.43,False,True,True,True,True,True,17.9,19.6,24.6
GWW,False,1349.74,True,True,True,False,False,True,False,False,True,False,True,3.9,2.26,1214.77,1354.22,True,True,True,True,True,True,43.4,34.3,51.7
HAL,False,34.97,False,True,True,True,False,True,True,True,True,False,True,4.5,3.17,31.47,33.85,False,True,True,True,True,True,11.9,11.5,11.4
HAS,False,75.86,False,True,True,False,False,True,True,False,True,False,True,12.8,2.93,68.27,81.27,True,False,False,True,True,True,-10.8,0.3,24.3
HD,False,336.21,True,True,True,False,False,True,True,False,True,False,True,7.9,2.77,302.59,348.1,True,True,True,True,True,True,102.0,28.9,30.0
HII,False,289.47,False,True,True,False,False,True,True,True,False,False,True,4.1,2.92,260.52,284.15,False,True,False,True,True,False,11.9,6.7,5.0
HLT,False,333.13,True,True,True,False,False,True,True,False,True,False,True,5.1,2.28,299.82,336.37,True,False,True,True,True,True,-24.7,22.8,29.6
HON,False,220.36,False,True,True,False,False,True,True,False,True,False,True,13.2,4.06,198.32,230.45,True,True,True,True,True,True,34.8,15.7,22.6
HPE,False,44.67,True,True,True,False,False,True,True,False,True,False,True,13.8,6.05,40.2,44.52,False,False,False,True,True,False,0.2,-0.8,7.0
HPQ,False,23.78,True,True,True,True,False,True,True,False,True,False,True,5.1,4.24,21.4,22.7,False,False,True,True,True,False,-1756.2,24.9,4.2
HRL,False,24.54,True,True,True,False,False,True,True,False,True,False,True,8.3,2.73,22.09,25.26,True,False,False,True,True,False,6.0,6.2,7.3
HSIC,False,83.22,True,True,True,False,False,True,True,True,False,True,True,5.3,2.4,74.9,84.69,True,True,False,True,True,False,12.2,8.2,5.5
HSY,False,174.41,False,True,True,False,False,True,True,True,True,False,True,5.5,3.1,156.97,178.45,True,True,True,True,True,True,19.0,13.3,36.3
HUBB,False,480.5,False,True,True,False,False,True,True,False,True,False,True,13.6,3.68,432.45,504.14,True,True,True,True,True,True,23.5,18.2,17.4
HUM,False,396.29,True,True,True,False,False,True,False,False,True,False,True,5.2,3.35,356.66,389.75,False,False,False,True,True,False,6.4,8.0,4.4
HWM,False,271.58,True,True,True,False,False,True,False,False,True,False,True,4.5,3.42,244.42,271.82,True,True,True,True,True,True,27.3,19.0,21.2
ICE,False,137.17,False,False,True,True,False,True,False,True,True,False,True,2.3,3.02,123.45,129.26,False,True,False,True,True,True,11.2,9.2,107.0
IDXX,False,555.67,False,True,True,False,False,True,True,True,True,False,True,4.8,3.2,500.1,550.42,False,True,True,True,True,True,68.1,65.2,31.8
IEX,False,218.39,True,True,True,False,False,True,True,False,True,False,True,6.4,2.42,196.55,224.3,True,True,True,True,True,True,11.9,10.9,19.4
IFF,False,78.94,True,True,True,False,False,True,True,True,True,True,True,8.0,3.26,71.05,79.15,True,False,False,True,True,True,2.4,-1.8,21.5
INCY,False,117.26,True,False,True,False,False,True,False,True,True,False,True,1.9,3.14,105.53,113.94,False,True,True,True,True,True,22.9,25.9,33.0
INTC,False,110.24,True,True,False,False,False,True,True,False,True,False,False,26.7,9.35,99.22,125.44,True,False,False,True,False,False,-0.2,-1.2,-23.1
INTU,False,272.1,False,True,True,False,False,True,True,True,True,False,True,5.2,5.16,244.89,268.03,False,True,True,True,True,True,18.8,18.2,47.0
IP,False,36.67,True,True,True,False,False,True,True,False,True,False,True,9.6,3.58,33.0,38.27,True,False,False,True,True,False,-23.7,8.0,4.0
IQV,False,203.79,True,True,True,False,False,True,False,True,True,False,True,4.6,3.48,183.41,197.79,False,True,True,True,True,True,21.9,10.2,20.9
IR,False,76.71,True,True,True,False,False,True,True,False,True,False,True,9.4,3.32,69.04,80.19,True,False,False,True,True,True,5.7,7.0,44.6
IRM,False,115.46,True,True,False,False,False,True,False,False,True,False,True,15.1,3.57,103.91,123.7,True,False,False,True,True,True,4.4,6.2,30.7
ISRG,False,415.1,False,True,True,False,False,True,True,True,True,False,True,6.6,3.24,373.59,411.35,False,True,True,True,True,True,16.3,16.2,30.9
IT,False,134.68,False,True,True,False,False,True,True,True,True,False,True,6.7,5.1,121.21,133.51,False,True,True,True,True,True,1150.5,27.2,67.1
ITW,False,265.1,True,True,True,False,False,True,True,True,False,False,True,4.1,2.06,238.59,269.21,True,True,True,True,True,True,37.2,38.6,28.2
IVZ,False,27.03,True,True,True,False,False,True,False,False,True,False,True,6.8,3.48,24.33,26.68,False,False,False,True,True,True,4.4,-3.0,24.8
J,False,129.7,True,False,True,False,False,True,True,True,True,False,True,2.9,2.81,116.73,126.34,False,False,True,True,False,False,8.8,10.4,-2.1
JBHT,False,276.45,True,True,True,False,False,True,False,False,True,False,True,8.7,3.2,248.81,280.64,True,True,True,True,True,True,16.6,13.2,11.2
JCI,False,140.23,True,True,True,False,False,True,True,False,True,False,True,8.4,3.7,126.21,142.24,True,True,False,True,True,False,24.3,3.2,9.6
JKHY,False,147.37,False,True,True,True,False,True,True,True,True,False,True,4.3,3.08,132.63,139.6,False,True,True,True,True,True,21.3,21.0,40.3
JNJ,False,263.4,True,False,True,False,False,True,True,True,True,False,True,2.3,2.31,237.06,256.0,False,True,True,True,True,True,33.0,15.1,31.6
KDP,False,30.97,True,True,True,False,False,True,True,False,True,False,True,9.0,2.99,27.87,32.44,True,False,False,True,True,True,8.2,5.7,19.0
KEYS,False,317.24,False,True,False,False,False,True,True,False,True,False,True,17.2,4.89,285.52,332.58,True,True,False,True,True,True,13.4,9.6,23.7
KLAC,False,221.18,True,True,False,False,False,True,True,False,True,False,False,30.3,8.91,199.06,250.07,True,True,False,True,True,True,69.7,5.9,25.4
KMB,False,110.98,True,True,True,False,False,True,True,True,False,False,True,5.0,2.5,99.88,110.88,False,True,True,True,True,True,112.5,22.9,18.1
KMI,False,32.48,False,True,True,False,False,True,False,True,True,False,True,3.4,2.16,29.23,32.35,False,False,False,True,True,True,9.8,7.0,29.9
KO,False,83.4,True,False,True,False,False,True,False,True,True,False,True,2.8,2.08,75.06,82.34,False,True,True,True,True,True,39.0,16.8,35.0
KR,False,59.32,False,True,True,True,False,True,False,True,True,False,True,3.0,3.12,53.39,57.6,False,True,False,True,False,False,15.7,5.8,-4.6
KVUE,False,19.29,True,True,True,False,False,True,True,True,False,False,True,4.3,2.12,17.36,19.29,False,True,True,True,True,True,13.9,11.5,19.6
LDOS,False,107.18,False,True,True,False,False,True,False,True,True,False,True,4.2,3.74,96.46,104.59,False,True,True,True,True,True,28.9,17.2,11.5
LH,False,277.74,True,True,True,False,False,True,True,True,True,False,True,5.5,2.4,249.97,277.94,True,True,False,True,True,True,10.0,8.4,10.8
LII,False,537.76,True,True,True,False,False,True,True,False,True,False,True,8.8,3.58,483.98,563.19,True,True,True,True,True,True,66.4,34.7,14.4
LIN,False,527.67,True,True,True,False,False,True,True,True,True,False,True,4.0,2.28,474.9,527.42,False,True,True,True,True,True,17.9,12.6,27.8
LMT,False,527.96,False,True,True,False,False,True,True,True,True,False,True,4.0,2.65,475.16,518.47,False,True,True,True,True,True,67.0,20.8,11.4
LNT,False,76.37,True,True,True,False,False,True,True,True,False,True,True,3.3,1.82,68.73,76.69,True,True,False,True,True,True,10.9,4.4,21.0
LOW,False,212.85,False,True,True,False,False,True,True,True,False,True,True,7.2,3.04,191.57,221.29,True,False,True,True,True,True,-71.8,29.3,11.1
LRCX,False,333.15,True,True,False,False,False,True,False,False,True,False,False,26.4,8.33,299.83,375.21,True,True,True,True,True,True,50.6,37.9,310.6
LULU,False,113.62,False,True,True,False,False,True,False,True,True,False,True,7.4,4.29,102.26,115.03,True,True,True,True,True,True,32.7,32.8,11.2
LUV,False,48.66,True,True,True,False,False,True,False,False,True,False,True,10.3,3.74,43.79,50.76,True,False,False,True,True,False,6.4,2.5,5.7
LVS,False,46.19,False,True,True,False,False,True,False,False,True,False,True,5.3,2.82,41.57,46.58,True,True,True,True,True,True,135.8,17.0,25.2
LYB,False,55.72,False,True,True,False,False,True,False,True,True,False,True,5.1,3.93,50.15,54.32,False,True,False,True,True,False,33.8,-1.6,3.3
LYV,False,182.14,True,True,True,False,False,True,False,True,False,False,True,4.0,2.75,163.93,181.16,False,False,True,True,False,False,-355.8,11.7,-9.8
MA,False,519.86,True,True,True,False,False,True,True,True,False,False,True,4.9,2.47,467.87,515.2,False,True,True,True,True,True,46.4,64.0,58.4
MAR,False,371.16,True,True,True,False,False,True,True,False,True,False,True,5.8,2.4,334.04,375.82,True,False,True,True,True,True,-63.6,21.4,16.0
MAS,False,75.75,True,True,True,False,False,True,True,False,True,True,True,9.3,3.18,68.17,80.02,True,False,True,True,True,True,-334.7,34.9,16.5
MCD,False,278.25,False,True,True,False,False,True,True,True,True,False,True,3.8,2.18,250.43,273.57,False,False,True,True,True,True,-665.9,22.2,45.3
MCHP,False,85.49,True,True,False,False,False,True,True,False,True,False,True,15.5,6.01,76.94,88.53,True,False,False,True,True,True,3.6,3.7,11.5
MCK,False,818.66,False,False,True,True,False,True,True,True,True,False,True,1.0,2.49,736.79,776.16,False,False,True,True,True,False,-219.2,40.6,5.4
MCO,False,485.1,True,True,True,False,False,True,True,True,True,False,True,4.3,2.83,436.59,468.76,False,True,True,True,True,True,82.1,30.2,80.7
MDLZ,False,59.48,True,True,True,False,False,True,True,False,True,False,True,6.1,2.67,53.53,60.09,True,False,False,True,True,False,9.5,7.5,8.0
MDT,False,82.01,False,True,True,False,False,True,True,True,True,False,True,4.8,2.64,73.81,81.21,False,False,False,True,True,True,9.7,7.9,16.2
MELI,False,1809.38,True,True,True,False,False,True,True,True,True,False,True,3.9,3.29,1628.44,1726.87,False,True,True,True,True,False,27.4,21.4,6.9
META,False,603.12,False,True,True,False,False,True,True,True,True,False,True,4.8,3.7,542.81,579.15,False,True,True,True,True,True,24.8,23.9,166.6
MGM,False,46.6,True,True,True,False,False,True,True,False,True,False,True,8.7,2.97,41.94,47.57,True,False,False,True,True,True,8.5,2.6,12.1
MKC,False,51.57,True,True,True,False,False,True,False,True,True,False,True,4.7,3.35,46.41,51.14,False,True,False,True,True,True,11.3,8.3,14.3
MLM,False,570.0,False,True,True,False,False,True,True,False,True,False,True,11.7,3.56,513.0,596.77,True,True,False,True,True,True,10.1,7.4,11.9
MMM,False,154.7,True,True,True,False,False,True,True,False,True,False,True,9.5,2.63,139.23,161.45,True,True,True,True,True,True,99.6,17.5,23.2
MNST,False,95.15,True,True,True,False,False,True,True,False,True,False,True,4.1,2.17,85.64,96.51,True,True,True,True,True,True,21.8,26.8,31.0
MO,False,72.81,True,False,True,False,False,True,False,True,True,False,True,2.0,2.25,65.53,72.7,False,False,True,True,True,True,-216.4,37.8,54.5
MOS,False,20.65,False,True,True,False,False,True,True,False,True,False,True,8.8,4.57,18.58,21.4,True,False,False,True,False,False,4.6,4.1,-12.4
MPC,False,280.68,True,False,True,True,True,True,True,True,True,True,True,0.7,3.1,252.61,261.62,False,True,True,True,True,False,24.2,13.0,6.7
MPWR,False,1315.51,False,True,False,False,False,True,True,False,True,False,True,16.6,7.39,1183.96,1343.6,True,True,True,True,True,True,16.9,18.4,226.5
MRNA,False,73.8,True,True,True,False,False,True,True,True,False,False,True,14.3,6.98,66.42,71.48,False,False,False,True,False,False,-38.1,-33.8,-403.5
MRSH,False,179.05,True,False,True,True,False,True,True,True,True,False,True,2.1,2.52,161.15,171.31,False,False,True,True,True,True,-106.0,16.5,23.1
MRVL,False,231.71,True,True,False,False,False,True,False,False,True,False,False,25.0,11.01,208.54,262.94,True,True,False,True,True,True,14.7,5.4,14.0
MSCI,False,604.23,True,True,True,False,False,True,False,True,True,False,True,4.1,3.03,543.81,580.62,False,False,True,True,True,True,-43.3,43.6,127.6
MSFT,False,383.34,False,True,True,False,False,True,False,True,True,False,True,3.6,3.17,345.01,376.65,False,True,True,True,True,True,24.6,23.1,192.4
MSI,False,420.54,False,True,True,False,False,True,False,True,True,False,True,4.1,2.36,378.49,413.76,False,True,True,True,True,True,84.7,22.1,35.8
MSTR,False,93.87,False,True,True,False,False,True,False,True,True,False,False,14.8,10.27,84.48,92.75,False,False,False,True,False,False,-10.5,-10.1,-11244.3
NCLH,False,18.47,True,True,False,False,False,True,False,False,True,True,True,18.0,5.14,16.62,20.33,True,True,False,True,True,True,17.4,8.9,18.0
NDAQ,False,84.39,False,False,True,False,False,True,True,True,True,False,True,2.9,3.17,75.95,81.62,False,True,True,True,True,True,14.9,10.2,57.1
NDSN,False,283.89,True,True,True,False,False,True,True,False,True,True,True,8.9,2.58,255.5,295.57,True,True,True,True,True,True,15.1,13.0,33.9
NEE,False,87.44,False,False,True,False,False,True,False,True,False,False,True,2.1,1.9,78.7,87.84,True,True,False,True,True,True,12.4,4.2,50.3
NFLX,False,75.59,False,True,True,False,False,True,False,True,True,False,True,4.5,3.32,68.03,74.14,False,True,True,True,True,True,35.3,27.3,32.3
NI,False,46.85,True,True,True,False,False,True,True,False,True,False,True,5.0,1.98,42.16,47.63,True,False,False,True,True,True,9.6,5.6,76.1
NOC,False,545.11,False,False,True,False,False,True,False,True,True,False,True,2.5,2.59,490.6,521.86,False,True,True,True,True,True,24.4,12.1,10.0
NOW,False,107.78,True,True,True,False,False,True,True,True,True,False,True,7.4,5.58,97.0,101.95,False,True,True,True,True,True,14.9,12.7,79.7
NRG,False,137.48,False,True,True,False,False,True,False,True,False,False,True,10.4,4.08,123.73,142.78,True,True,False,True,True,False,17.7,6.5,3.2
NSC,False,319.22,True,False,True,False,False,True,True,True,True,False,True,2.1,1.9,287.3,316.55,False,True,True,True,True,True,18.2,10.4,32.3
NTAP,False,165.4,True,True,True,False,False,True,True,False,True,False,True,3.6,4.13,148.86,157.77,False,True,True,True,True,True,94.4,24.9,26.6
NVDA,False,204.12,False,True,True,True,False,True,True,True,True,False,True,4.3,3.49,183.71,197.13,False,True,True,True,True,True,61.4,60.5,65.6
NXPI,False,283.81,True,True,True,False,False,True,True,False,True,False,True,12.6,5.28,255.43,281.91,False,True,True,True,True,True,18.5,13.0,47.3
ODFL,False,218.25,True,True,True,False,False,True,True,False,True,False,True,5.7,3.4,196.43,218.0,False,True,True,True,True,True,23.3,26.9,23.8
OKE,False,91.16,False,False,True,True,False,True,False,True,True,False,True,1.6,2.64,82.04,88.45,False,True,False,True,True,True,15.2,9.5,38.3
OMC,False,78.6,True,True,True,False,False,True,True,True,True,False,True,4.8,3.22,70.74,76.1,False,False,False,True,True,True,-0.6,1.8,10.4
ON,False,93.79,True,True,False,False,False,True,True,False,True,False,False,27.8,9.14,84.41,97.37,True,False,False,True,False,False,1.7,0.8,-3.9
ORCL,False,140.49,False,True,False,False,False,True,False,False,True,False,True,21.1,6.61,126.44,146.15,True,True,False,True,True,True,40.2,9.4,55.9
ORLY,False,84.98,False,True,True,False,False,True,True,False,True,False,True,9.4,3.28,76.48,88.53,True,False,True,True,True,True,-237.9,44.9,18.5
OTIS,False,72.07,False,True,True,False,False,True,False,True,False,False,True,4.7,2.34,64.86,72.67,True,False,True,True,True,True,-24.4,75.7,18.2
PAYX,False,106.58,True,True,True,False,False,True,True,True,True,False,True,3.5,3.09,95.92,102.02,False,True,True,True,True,True,16.8,22.9,43.8
PCG,False,17.05,False,False,True,False,False,True,True,True,False,False,True,2.8,2.31,15.34,17.03,False,False,False,True,False,True,3.7,3.7,21.4
PEG,False,81.26,True,True,True,False,False,True,False,False,True,False,True,3.3,1.82,73.13,81.75,True,True,False,True,True,True,16.1,5.6,27.9
PEP,False,142.51,False,True,True,False,False,True,True,True,True,False,True,4.4,2.48,128.26,141.34,False,True,True,True,True,True,38.5,15.1,16.5
PG,False,148.4,True,True,True,False,False,True,True,False,True,False,True,3.3,2.24,133.56,149.39,True,True,True,True,True,True,29.2,22.7,21.5
PKG,False,224.46,True,True,True,False,False,True,True,False,True,False,True,8.1,2.69,202.01,236.58,True,True,True,True,True,True,16.9,11.4,10.6
PLTR,False,132.22,False,True,True,False,False,True,True,True,True,False,True,8.8,5.22,119.0,122.02,False,True,True,True,True,True,19.2,16.0,46.2
PM,False,187.07,True,False,True,False,False,True,False,True,True,False,True,2.0,2.58,168.36,182.18,False,False,True,True,True,True,-122.3,34.9,38.4
PNR,False,73.26,False,True,True,False,False,True,True,True,False,False,True,6.6,2.79,65.93,75.73,True,True,True,True,True,True,14.4,14.0,20.8
PNW,False,107.82,True,False,True,False,False,True,True,True,False,False,True,2.6,1.92,97.04,107.46,False,False,False,True,True,True,5.0,3.8,11.4
PODD,False,157.46,False,True,True,False,False,True,True,True,False,False,True,6.6,4.24,141.71,157.4,False,True,True,True,True,True,19.0,20.6,16.0
POOL,False,204.2,True,True,True,False,False,True,True,True,False,False,True,8.4,3.7,183.78,211.51,True,True,True,True,True,False,35.9,21.1,7.3
PPG,False,114.28,True,True,True,False,False,True,True,False,True,False,True,9.7,3.2,102.85,121.53,True,True,True,True,True,True,19.4,15.6,15.4
PPL,False,35.99,False,True,True,False,False,True,True,True,False,False,True,4.0,2.11,32.39,36.5,True,False,False,True,True,True,8.5,5.1,26.9
PSKY,False,9.75,False,True,True,False,False,True,True,True,True,True,True,7.6,4.19,8.78,9.88,True,False,False,True,True,False,-5.0,-0.3,8.4
PTC,False,122.61,False,True,True,False,False,True,False,True,True,True,True,4.6,3.89,110.35,118.57,False,True,True,True,True,True,19.0,18.5,38.2
PYPL,False,44.53,True,True,True,False,False,True,True,True,False,False,True,5.1,3.2,40.08,44.15,False,True,True,True,True,True,26.1,18.4,17.8
QCOM,False,186.56,True,True,False,False,False,True,True,False,True,False,True,17.7,7.75,167.9,187.94,True,True,True,True,True,True,112.9,26.1,21.8
RCL,False,280.95,True,True,False,False,False,True,False,False,True,False,True,16.6,4.69,252.86,305.43,True,True,True,True,True,True,43.5,15.9,57.3
REGN,False,662.88,False,False,True,False,False,True,True,True,False,False,True,2.4,2.65,596.59,639.97,False,True,True,True,True,True,14.3,10.0,42.5
RL,False,380.36,True,True,True,False,False,True,True,False,True,True,True,9.2,3.2,342.32,400.28,True,True,True,True,True,True,33.1,19.9,19.6
RMD,False,205.84,False,True,True,False,False,True,True,True,False,False,True,7.7,3.26,185.26,204.34,False,True,True,True,True,True,21.6,22.7,65.0
ROL,False,44.95,False,True,True,True,False,True,True,True,True,False,True,3.6,2.79,40.46,43.15,False,True,True,True,True,True,38.1,30.7,22.8
ROP,False,354.89,True,True,True,False,False,True,True,True,False,False,True,6.8,3.02,319.4,347.73,False,False,False,True,True,True,8.2,7.2,27.2
ROST,False,217.72,False,True,True,False,False,True,True,False,True,False,True,9.2,2.83,195.95,214.77,False,True,True,True,True,True,34.0,25.4,13.4
RSG,False,220.46,True,False,True,False,False,True,True,True,True,False,True,1.5,2.03,198.41,216.08,False,True,True,True,True,True,17.9,10.7,17.7
RTX,False,194.91,True,True,True,False,False,True,True,True,False,False,True,4.5,2.44,175.42,192.49,False,True,False,True,True,True,10.2,8.3,12.7
SATS,False,101.5,False,True,False,False,False,True,False,False,True,False,True,19.5,7.28,91.35,101.86,True,False,False,True,False,True,-257.4,-59.9,73.1
SBAC,False,181.99,False,True,True,False,False,True,False,True,True,True,True,4.9,3.25,163.79,181.72,False,False,True,True,True,True,-22.2,16.0,48.7
SBUX,False,103.87,True,True,True,False,False,True,True,True,False,False,True,3.7,2.55,93.48,103.48,False,False,True,True,True,False,-21.9,15.4,8.7
SHOP,False,119.22,True,True,True,False,False,True,True,True,True,False,True,8.6,4.82,107.3,117.34,False,False,True,True,False,True,9.8,11.5,12.1
SHW,False,330.57,True,True,True,False,False,True,False,True,False,False,True,7.3,2.92,297.51,342.54,True,True,True,True,True,True,58.0,22.1,27.1
SJM,False,112.32,True,True,True,False,False,True,True,False,True,False,True,4.5,2.79,101.09,113.65,True,False,False,True,False,False,-2.5,2.6,-23.4
SLB,False,47.43,False,True,True,True,False,True,True,False,True,True,True,3.2,3.16,42.69,46.37,False,True,True,True,True,True,12.9,16.3,21.1
SMCI,False,28.17,False,True,False,False,True,True,True,False,True,False,False,24.4,9.84,25.35,28.87,True,True,False,True,True,True,13.8,8.2,101.8
SNA,False,401.11,True,True,True,False,False,True,False,True,False,False,True,4.3,2.08,361.0,402.98,True,True,True,True,True,True,17.1,18.4,24.4
SNDK,False,1727.18,True,True,False,False,True,True,True,False,True,False,False,32.2,11.8,1554.46,1953.08,True,False,False,True,True,True,-11.9,-9.1,69.1
SNPS,False,434.5,False,True,True,False,False,True,True,False,True,False,True,11.3,4.04,391.05,447.17,True,False,False,True,True,True,4.4,2.1,15.4
SO,False,96.38,True,True,True,False,False,True,True,True,False,False,True,3.3,1.86,86.74,96.41,True,True,False,True,True,True,12.1,5.1,24.0
SOLV,False,75.18,True,True,True,False,False,True,False,False,True,False,True,7.2,3.14,67.66,77.44,True,True,True,True,True,False,31.3,20.3,4.0
SPGI,False,430.79,True,True,True,False,False,True,True,True,True,False,True,4.4,3.27,387.71,408.88,False,True,True,True,True,True,14.3,12.6,127.8
STE,False,209.49,False,True,True,False,False,True,False,True,True,False,True,4.4,2.67,188.54,212.59,True,True,True,True,True,True,10.9,11.5,18.3
STLD,False,228.76,True,True,True,False,False,True,False,False,True,False,True,9.9,3.95,205.88,232.92,True,True,True,True,True,True,12.9,10.1,11.7
STZ,False,130.34,False,True,True,False,False,True,True,False,True,False,True,12.5,3.67,117.31,137.96,True,True,True,True,True,True,20.4,14.5,34.7
SW,False,42.08,True,True,True,False,False,True,True,False,True,False,True,14.1,4.45,37.87,45.75,True,False,False,True,True,False,3.9,4.5,3.3
SWK,False,86.15,True,True,True,False,False,True,True,False,True,False,True,10.8,3.8,77.54,91.3,True,False,True,True,True,True,4.5,13.7,10.3
SWKS,False,58.49,False,True,False,False,False,True,True,False,True,True,True,23.8,6.81,52.64,65.35,True,False,False,True,True,False,8.3,7.6,4.5
SYK,False,326.85,False,False,True,False,False,True,False,True,False,False,True,2.8,3.07,294.17,322.91,False,True,True,True,True,True,27.7,12.2,15.5
SYY,False,83.17,True,False,True,False,False,True,True,True,False,False,True,2.9,2.0,74.85,83.16,False,True,True,True,True,False,79.6,17.2,3.0
T,False,21.12,False,True,True,False,False,True,False,False,True,False,True,9.4,3.35,19.01,21.39,True,True,False,True,True,True,17.5,6.5,21.1
TAP,False,38.79,False,True,True,False,False,True,True,False,True,False,True,6.6,3.23,34.91,39.7,True,False,False,True,False,False,-20.9,-13.4,-152.1
TDG,False,1296.43,True,True,True,False,False,True,False,False,True,False,True,5.4,2.76,1166.79,1326.51,True,False,True,True,True,True,-22.1,18.1,46.3
TECH,False,70.96,True,False,True,False,False,True,True,True,False,False,True,1.0,2.7,63.86,69.65,False,False,False,True,True,True,3.5,4.3,24.2
TEL,False,196.24,False,True,True,False,False,True,True,False,True,False,True,7.8,3.65,176.62,198.94,True,True,True,True,True,True,14.8,15.1,20.1
TER,False,351.57,True,True,False,False,False,True,True,False,True,False,False,31.3,10.28,316.41,415.37,True,True,True,True,True,True,17.6,19.0,36.9
TGT,False,132.42,True,True,True,False,False,True,True,False,True,True,True,10.0,3.22,119.18,133.23,True,True,True,True,True,False,22.6,13.2,6.6
TJX,False,152.79,False,True,True,False,False,True,True,False,True,False,True,8.6,2.44,137.51,154.23,True,True,True,True,True,True,52.8,20.4,16.5
TKO,False,192.91,False,True,True,False,False,True,False,False,True,True,True,12.6,3.78,173.62,201.18,True,False,False,True,True,True,5.8,6.0,21.2
TMO,False,510.13,True,True,True,False,False,True,False,True,True,False,True,4.2,2.86,459.12,509.99,False,True,False,True,True,True,12.9,7.9,31.8
TMUS,False,180.14,False,True,True,False,False,True,True,True,True,False,True,5.5,3.29,162.13,178.4,False,True,False,True,True,True,19.7,9.4,42.5
TPL,False,394.57,False,True,True,False,False,True,True,True,True,False,True,12.2,4.54,355.11,404.44,True,True,True,True,True,True,30.9,35.9,77.0
TPR,False,140.14,True,True,True,False,False,True,True,False,True,False,True,8.7,3.83,126.13,145.48,True,True,False,True,True,True,26.8,8.3,31.0
TRGP,False,277.86,True,False,True,True,False,True,False,True,True,False,True,0.7,2.76,250.07,268.38,False,True,True,True,True,True,61.3,14.0,20.7
TRMB,False,52.4,False,True,True,False,False,True,True,True,True,False,True,5.0,3.35,47.16,51.73,False,False,False,True,True,True,7.5,7.8,16.0
TSCO,False,29.58,False,True,True,False,False,True,True,True,False,False,True,10.1,3.72,26.62,30.91,True,True,True,True,True,False,43.6,16.8,6.5
TSLA,False,394.06,False,True,True,False,False,True,True,True,True,False,True,9.8,4.97,354.65,399.83,True,False,False,True,True,False,4.5,4.0,4.2
TSN,False,58.3,False,True,True,False,False,True,True,True,True,True,True,3.3,2.51,52.47,58.33,True,False,False,True,True,False,2.6,3.6,3.2
TT,False,472.29,True,True,True,False,False,True,False,False,True,False,True,7.8,3.36,425.06,483.4,True,True,True,True,True,True,34.0,25.7,20.3
TTD,False,19.07,False,True,True,False,False,True,False,True,True,False,True,5.8,5.39,17.16,18.59,False,True,True,True,True,False,18.1,20.7,9.7
TTWO,False,251.38,True,True,True,False,False,True,False,True,True,False,True,5.6,3.46,226.24,248.3,False,False,False,True,False,False,-8.5,-1.5,-2.3
TXN,False,301.32,True,True,True,False,False,True,True,False,True,False,True,9.0,5.12,271.19,297.35,False,True,True,True,True,True,29.8,19.2,37.5
TYL,False,314.29,False,True,True,False,False,True,True,True,True,False,True,5.6,4.04,282.86,301.93,False,False,False,True,True,True,8.9,9.5,74.0
UAL,False,126.22,True,True,True,False,False,True,True,False,True,True,True,12.3,4.21,113.6,132.79,True,True,False,True,True,False,21.1,8.9,9.3
UBER,False,73.6,True,True,True,False,False,True,False,True,False,False,True,6.7,3.57,66.24,73.74,True,True,True,True,True,True,40.6,11.6,14.6
UHS,False,156.43,False,True,True,False,False,True,True,True,False,True,True,6.2,3.12,140.79,151.59,False,True,True,True,True,True,19.9,16.0,11.2
ULTA,False,455.11,False,True,True,False,False,True,False,True,True,False,True,9.9,3.2,409.6,464.05,True,True,True,True,True,True,44.7,33.4,14.2
UNH,False,425.6,True,False,True,False,False,True,False,False,True,False,True,1.5,2.37,383.04,420.84,False,True,False,True,True,False,36.5,9.6,8.0
UNP,False,280.94,True,False,True,False,False,True,True,True,True,False,True,2.0,2.09,252.85,274.74,False,True,True,True,True,True,36.8,15.1,44.2
UPS,False,109.94,True,False,True,False,False,True,True,True,True,False,True,2.9,2.48,98.95,109.12,False,True,True,True,True,False,35.3,13.8,5.5
URI,False,1071.49,True,True,True,False,False,True,True,False,True,False,True,8.9,3.02,964.34,1103.8,True,True,True,True,True,True,27.8,15.4,21.8
V,False,347.53,True,True,True,False,False,True,True,True,False,True,True,5.3,2.42,312.78,345.39,False,True,True,True,True,True,75.9,36.4,123.9
VEEV,False,188.17,True,True,True,False,False,True,False,True,True,False,True,5.9,3.94,169.35,179.39,False,True,True,True,True,True,12.4,12.3,77.2
VLO,False,282.88,True,False,True,True,True,True,True,True,True,True,True,1.4,3.54,254.59,264.02,False,False,False,True,True,False,9.8,7.1,5.3
VLTO,False,91.74,True,True,True,False,False,True,False,True,False,False,True,3.3,2.56,82.57,90.13,False,True,True,True,True,True,31.3,22.5,23.8
VMC,False,286.59,True,True,True,False,False,True,True,False,True,False,True,11.4,3.43,257.93,302.0,True,True,True,True,True,True,12.7,10.3,12.1
VRSK,False,189.67,True,True,True,False,False,True,False,True,True,False,True,3.3,3.32,170.7,183.98,False,False,True,True,True,True,-77.8,39.3,58.8
VRSN,False,267.58,False,False,True,True,False,True,False,True,True,False,True,1.5,3.03,240.82,256.84,False,False,False,True,True,True,-14.5,-1936.1,68.5
VRTX,False,498.43,True,True,True,False,False,True,True,True,False,False,True,6.7,3.08,448.59,501.94,True,True,True,True,True,True,20.4,18.5,177.6
VST,False,154.82,False,True,True,False,False,True,False,False,True,False,True,11.7,4.37,139.34,158.71,True,True,False,True,True,True,16.9,6.1,26.6
VTRS,False,16.66,True,True,True,False,False,True,True,True,True,False,True,4.3,2.83,14.99,16.37,False,False,False,True,False,False,-0.0,-8.9,-2.3
VZ,False,42.45,False,True,True,False,False,True,False,False,True,False,True,9.8,3.28,38.21,43.64,True,True,False,True,True,True,16.4,8.4,23.9
WAB,False,259.0,True,True,True,False,False,True,True,False,True,False,True,10.1,2.67,233.1,266.81,True,True,True,True,True,True,10.5,10.3,81.0
WAT,False,368.13,True,True,True,False,False,True,False,False,True,False,True,4.3,3.03,331.32,374.38,True,False,False,True,False,False,4.2,3.6,-3.7
WBD,False,26.15,False,True,True,False,False,True,True,False,True,False,True,4.3,1.62,23.53,26.64,True,False,False,True,False,False,2.2,0.9,-24.7
WDAY,False,137.88,True,True,True,False,False,True,True,True,True,False,True,5.9,5.24,124.09,128.73,False,True,False,True,True,True,10.4,7.5,54.6
WDC,False,550.3,True,True,False,False,False,True,False,False,True,False,False,27.8,10.23,495.27,599.35,True,True,True,True,True,True,19.5,22.4,35.7
WEC,False,116.24,True,True,True,False,False,True,True,True,False,False,True,3.3,1.8,104.62,117.23,True,False,False,True,True,True,6.7,4.7,28.5
WM,False,233.94,True,False,True,False,False,True,True,True,True,False,True,1.9,2.07,210.55,227.27,False,True,True,True,True,True,27.0,10.6,31.7
WMB,False,75.27,False,True,True,False,False,True,False,True,True,False,True,5.9,2.55,67.74,74.98,False,True,False,True,True,True,20.2,7.6,43.6
WMT,False,113.1,False,True,True,False,False,True,False,False,True,False,True,7.1,2.6,101.79,113.43,True,True,True,True,True,False,23.2,17.0,4.2
WSM,False,218.32,True,True,True,False,False,True,False,False,True,False,True,12.1,3.36,196.49,230.85,True,True,True,True,True,True,58.2,42.9,16.2
WST,False,353.68,True,True,True,False,False,True,False,True,True,False,True,5.0,2.39,318.31,354.96,True,True,True,True,True,True,16.5,17.0,25.5
WTW,False,292.58,True,False,True,False,False,True,True,True,False,False,True,1.8,2.57,263.32,274.61,False,True,True,True,True,True,20.1,13.9,18.6
WY,False,22.46,False,True,True,False,False,True,True,False,True,False,True,13.1,2.96,20.21,24.14,True,False,False,True,True,True,3.4,4.8,14.3
WYNN,False,97.93,False,True,True,False,False,True,False,False,True,False,True,9.4,3.28,88.14,98.23,True,False,True,True,True,True,-154.5,10.2,16.5
XEL,False,79.62,True,True,True,False,False,True,True,True,True,False,True,4.0,2.15,71.66,81.01,True,False,False,True,True,True,8.5,3.3,25.0
XYL,False,118.62,True,False,True,False,False,True,False,True,False,False,True,2.9,2.34,106.76,117.45,False,False,False,True,True,True,8.7,8.6,11.5
XYZ,False,76.55,True,True,True,False,False,True,False,True,False,False,True,7.7,3.86,68.9,77.06,True,False,False,True,False,False,6.0,6.1,-2.8
YUM,False,165.25,True,True,True,False,False,True,False,True,False,False,True,4.2,2.14,148.72,160.37,False,False,True,True,True,True,-21.4,50.5,31.3
ZBH,False,87.56,False,True,True,False,False,True,True,False,True,False,True,6.3,3.1,78.8,89.03,True,False,False,True,True,True,5.6,5.5,17.9
ZBRA,False,264.32,True,True,True,False,False,True,True,True,True,False,True,7.1,3.97,237.89,259.61,False,True,True,True,True,True,12.1,10.7,14.4
